modelo,mae,rmse,r2
ElasticNet,0.038427583486279775,0.0515101215730668,0.9478235069002767
DecisionTree,0.07299143455237858,0.09362265027419338,0.8276340020998126
