modelo,mae,rmse,r2
ElasticNet,0.05723334368499867,0.08033998027754599,0.8730732448385832
DecisionTree,0.0911615168225011,0.11011940646943917,0.7615389456176793
